0.000602410428217023,4.140538650845589e-06,-3.6300840802321215e-05,-0.00013330389882466054
-0.0035142472838142536,0.022922904031463208,0.040105766013834296,0.018300168459314797
-0.007339718406067164,0.03937123036044012,-0.03486373171387892,0.03060376388677786
-0.011164377963654992,0.04451444902687971,-0.013412775049591649,0.04071830120550024
-0.014815710833297448,0.03691983682340593,0.042909609096036416,0.04531472788386547
-0.017971057685857838,0.018853301582349956,-0.025865635112883544,0.03918828935067835
-0.020957640762360796,-0.004658893069632632,-0.02442515290843487,0.028728426293412705
-0.023781578540145107,-0.026906599931807624,0.04389394117089501,0.015471896260523279
-0.026141465978196058,-0.041415918383140946,-0.0135432788243868,-0.0038762761086562313
-0.028379847779093765,-0.044148270149701865,-0.03253921034207653,-0.021697108142760973
-0.03065575942135107,-0.034353024671485044,0.042080303545257096,-0.033645021008761884
-0.03265755195175726,-0.014681836531951948,-0.00020921211333162074,-0.04370185692887062
-0.03463750365774098,0.009181726913873901,-0.03877276363104261,-0.046913434329125515
-0.03680078097081388,0.030362714859999758,0.03595452617255777,-0.03971465703430638
-0.03875381593058473,0.04295525256471933,0.011710354095636068,-0.029158202929793372
-0.04055999801300551,0.043318931547963097,-0.0435851137458617,-0.015023063723650283
-0.042407948683232756,0.031241744849760493,0.02568233565442515,0.0047839853646899294
-0.04384950051961796,0.0102860265223236,0.0216993939576402,0.021602915811963275
-0.044800326819955875,-0.013587672905117814,-0.04556835154326558,0.033034095822214525
-0.04550794872312421,-0.0337008307529179,0.013578313298670082,0.04253969197945508
-0.045623321846661284,-0.04421364970650944,0.03077381684220392,0.04391066756625438
-0.045048811915234854,-0.04209743289906253,-0.0428333488134685,0.035562878304443324
-0.044184134525814225,-0.02808742059753186,0.001975627912632781,0.02465098960951831
-0.04288011429239923,-0.0060911590989881585,0.03908380892881053,0.009397240990270412
-0.04105372639787825,0.017694368947181717,-0.03545801042252501,-0.010665573583096381
-0.03918795603679872,0.03635866679448487,-0.00884835650080574,-0.026413391950754483
-0.03725406747985814,0.044635935708915615,0.044744907547638955,-0.037404587098889504
-0.0350638043130258,0.040269896303606834,-0.025690761883083703,-0.046096508136960195
-0.033009171183933636,0.024380283551650405,-0.019907858869204195,-0.04552643292633836
-0.031061746698789784,0.001509114209842517,0.04563518324018441,-0.03624248329511195
-0.028858079588643556,-0.021704493880827982,-0.01553742127627311,-0.024913338113906325
-0.026637865666752553,-0.03875775605554141,-0.03098479287983194,-0.008527763996062532
-0.02440084994514536,-0.0448223845514324,0.04179083570930959,0.011507508193034416
-0.02171184798393931,-0.03804253934671545,-0.004964906840622026,0.02623992468499925
-0.01874941963164285,-0.020442539731631938,-0.039863382430510685,0.037015685993924706
-0.01566302625187595,0.0028915658028250925,0.03520640245011151,0.04488616119784192
-0.012090145980620024,0.025442342416370594,0.006972010965538062,0.042687926429465804
-0.008216723875026474,0.0407299156133051,-0.04434319429004923,0.03303126927192005
-0.004372014841279701,0.0443061727584415,0.027440875499253278,0.021541987506043105
-0.0002915086583449607,0.03528972259869441,0.019795941436040132,0.004411664622025573
0.0038869061274519386,0.016246117417134377,-0.04432503989792846,-0.014997357582255098
0.0077486047355737,-0.007502889286635076,0.01821998768470647,-0.02850273101331033
0.011523299708006982,-0.029063247730557535,0.031183168740934276,-0.038875419322573025
0.015215268280490133,-0.04225757206402404,-0.04141783345571522,-0.045472181242615796
0.018428372470795748,-0.04345307159102358,0.006626002093634939,-0.04149362336969223
0.021392982484123208,-0.03222082511575488,0.038873311596233466,-0.03135831946381162
0.024285073527023193,-0.011707307191289816,-0.03679875815098704,-0.019218377199158185
0.026763289092846348,0.012095026479346545,-0.006837705996853608,-0.0010198431675727652
0.029024828667404176,0.03244770653497686,0.04252335558071307,0.01797816093508281
0.03136812032823347,0.04363120227967566,-0.029990001264447702,0.03085343647067633
0.03348072082783888,0.042318746831594645,-0.01985091395552788,0.04128497222805659
0.035447811192078335,0.028899755308504138,0.043417363140202905,0.04680830722559513
0.03759731397785481,0.0073154947745793725,-0.01991077107931056,0.04154265209831789
0.03960014197611215,-0.016392991032826983,-0.030022331677299945,0.03133031475797128
0.041363114960291214,-0.03547901643301429,0.04246810673158209,0.018602169817400482
0.043178008471657404,-0.04436097602452064,-0.006922327108854705,-0.00032920269281436394
0.044711766107074065,-0.04058863789485829,-0.03681303820741414,-0.018525819996359615
0.04572173207216866,-0.02528457554555495,0.038888956599614236,-0.030701470024663054
0.04649830487227481,-0.002667885401432695,0.006624348944123479,-0.040869618556184546
0.04681678591382269,0.020757549561784692,-0.0413612807145423,-0.04483620823558544
0.04640827158207506,0.03822556704273778,0.03125583278602109,-0.03816132626192254
0.04564483790406863,0.04488603156329083,0.018227938246135902,-0.027641514153291014
0.0445134648069842,0.038811144402008696,-0.044315365935731814,-0.01393383823123033
0.04278870347026377,0.021611908069876676,0.01979906853530271,0.005695109781200217
0.040895849356855224,-0.0016981901488371202,0.02736366549194949,0.023018433216810803
0.038981940010676196,-0.024466393136101116,-0.04442162972670258,0.03464044154470722
0.03678407285806406,-0.040338169486171895,0.0069300481233415066,0.04434591431246107
0.03462136422365388,-0.044698129233615394,0.03513271484706466,0.04650528311409578
0.03265729331537934,-0.036252878620428884,-0.03990669594506806,0.038533373587653984
0.030499118847591006,-0.017546112058936986,-0.004930540113999855,0.027630267634216134
0.0282650570603992,0.006156104896724012,0.041811712841712215,0.012782847338197482
0.02610845829472307,0.028186543020040894,-0.030961491387438072,-0.007316416068820651
0.02358199459626751,0.04213688509107319,-0.01546651678106884,-0.02369554541497276
0.02068987556825729,0.044063585721176836,0.04565701005909242,-0.03495568070365959
0.01769149129798806,0.033533287947388114,-0.019940457926761166,-0.04413023745061113
0.014254215532492853,0.013430516887659127,-0.025703859601678983,-0.044587177036982374
0.010384833837466143,-0.010524313362728079,0.044689229541630134,-0.03582435584231716
0.006506555480100372,-0.031376197311485415,-0.008951011188633872,-0.024835758094606884
0.002452524216817328,-0.043284130232411795,-0.035505942326714716,-0.009175433483110585
-0.001796625128806106,-0.04290955432332419,0.03905405552975033,0.010719019611074175
-0.005759908326254857,-0.030231893222679974,0.0019326100268396286,0.02575221974875075
-0.009528661445074381,-0.008942154618289531,-0.04280271287328997,0.03643580920926693
-0.013258831113905018,0.014800835247196406,0.0308385604939399,0.04458565488413507
-0.016549177188049123,0.0343576666692144,0.013602136846924108,0.043077037336894726
-0.019482321354230843,0.04411946828375425,-0.04552109781920091,0.033509733682562846
-0.022376328824738483,0.041196718410673024,0.02174750916207992,0.02207919684957491
-0.024939511899306623,0.026550227244642854,0.025648661738051814,0.005291300337921054
-0.027204992759091294,0.004369451612614648,-0.04362881951317564,-0.014490290365519125
-0.0295696571832967,-0.01914114559716673,0.011682341761601604,-0.028645998812001635
-0.03180120257298502,-0.03717095307146205,0.03587410773713187,-0.03929813489916457
-0.033805715937799914,-0.044530840328125786,-0.03883428619170097,-0.046669440783394314
-0.03596003341575945,-0.03925743112730511,-0.00019973260988124164,-0.043691345738884044
-0.03805337840926382,-0.02278535314129401,0.04208061362805376,-0.03389861005041695
-0.039833620424887445,0.00026146703424418917,-0.03251728302041057,-0.02219971731404401
-0.041610249399946585,0.02316856985199268,-0.013452764570439757,-0.004573669545052574
-0.04321287033202582,0.03943128699583753,0.04395430959689539,0.01465373801618757
-0.044274980037314886,0.04450953058078549,-0.024401094148702753,0.027869071701703062
-0.04506075424703906,0.03682359785747833,-0.02581688832528964,0.03835024243675443
-0.04551704665197629,0.01855784568447897,0.04290638125274837,0.04452116929210224
-0.04526727632452273,-0.004955604025819767,-0.013476623494274663,0.03995322640207063
-0.04458994163028986,-0.027113852968032894,-0.03489262838852006,0.029819089932965545
-0.043624824035180296,-0.04163360721968456,0.04007229949443967,0.01742494826061186
-0.04206465723757485,-0.04423119392594639,-9.420162161731775e-05,-0.0011664549656288984
-0.04019918685411553,-0.034231587539805035,-0.04016318396629843,-0.019797614785068685
-0.03832880988804608,-0.014551450090177272,0.03484599049432144,-0.0323039230125911
-0.03617676075486069,0.009341509103674546,0.013372098095088714,-0.042584928456904
-0.033926110948479846,0.030599928468356286,-0.04290382262258017,-0.04727395100993866
-0.031900265147552835,0.04306134219279531,0.02588739816059314,-0.04115342538897478
-0.029760587507268187,0.043297342366051844,0.02437508801382687,-0.030621165697637842
-0.027478911309144444,0.03123433616581286,-0.04395219696788745,-0.01723666729810842
-0.025328188045671083,0.010181605505139012,0.013486243180109787,0.002253468502588888
-0.022938598937209995,-0.013759295067790065,0.03240886463978337,0.02018643386759654
-0.020132998178324597,-0.03373342697745232,-0.04221112411128407,0.032190070021704396
-0.01721901700340862,-0.04418651593697881,0.00012872554227644144,0.04223387747770666
-0.013956702117792328,-0.04206301996766882,0.03867102610666926,0.045370944168671615
-0.010168165847352275,-0.027897528672889693,-0.036030733870640874,0.03807001863675776
-0.006283042660056843,-0.0058622506731969126,-0.011707608161679556,0.02742512697569307
-0.0022751841785107942,0.017810272541927696,0.04357347165599125,0.013251117128101005
0.0020123246635535353,0.03647913479241584,-0.025708039595701598,-0.006514761073457397
0.0061108097560980505,0.04470333363067771,-0.02168589221225762,-0.02320367232000699
0.009928401373213564,0.04015366992927093,0.0455321580778146,-0.034435587322804065
0.013714735923504404,0.02425728118571253,-0.013678953726917721,-0.04370429879700767
0.017126986517491435,0.0014432169469880025,-0.030855078291952245,-0.044840623093642056
0.020070800010186872,-0.021813075840759224,0.04272203945732072,-0.036304071295746504
0.02293862354057847,-0.03874718241763692,-0.0021320271958271764,-0.025273868660755386
0.02555928369431334,-0.044616457741387144,-0.039182129806872204,-0.00997312714157479
0.02781314563790708,-0.03782080932572094,0.03538966702246446,0.010079354738877994
0.03013490612441165,-0.020168109909787308,0.008763030775451756,0.02579374870380802
0.03244243438231163,0.0032535051172307215,-0.04476686769128469,0.03677377313296919
0.03449749555857639,0.025663363382615587,0.025701511928442396,0.045509838058234914
0.036651891291557936,0.04079834694270454,0.019865678981816393,0.045058148537313186
0.03885050868549235,0.04433310003896853,-0.04567062206688136,0.03596985167034408
0.04071745265306709,0.035143686301140835,0.015502391637775398,0.02488879590272078
0.042489955814030915,0.015968291436872055,0.030866189070441623,0.008763312235879884
0.04416817510244555,-0.007689738456673102,-0.04192515189879983,-0.011038091860118643
0.045313432626346205,-0.02920964393745467,0.004856870255500502,-0.025598906709995956
0.046090603474598826,-0.04236261793232998,0.03971261791972011,-0.036286609169468034
0.04662174359327163,-0.04332931702806372,-0.03534068983416181,-0.04414458760512604
0.04650493919114946,-0.03196879012633363,-0.007029622148156819,-0.041984418285425686
0.04587966123238438,-0.011469239034202949,0.0442790178680749,-0.03238222435173041
0.04502824075632793,0.012414268402486862,-0.027497798023435657,-0.020920280025688485
0.04364701330672727,0.03273434701424952,-0.01979255439927634,-0.0037578883033320544
0.04184863482473748,0.043703436858519996,0.04429423397777579,0.015750786342993026
0.040038196785299386,0.04230299379821901,-0.018302653084599198,0.029415884595694466
0.037990916178942895,0.02881079118977244,-0.03124680611909006,0.039981564787176085
0.03571708843222528,0.0070450607358624,0.04130949065026049,0.04675985788092215
0.033629019887165115,-0.016657980573190387,-0.006796178385402381,0.042912224273997754
0.031506966047301584,-0.035627340896616184,-0.03900422880639082,0.03283196269173257
0.029175379158839176,-0.0445099858128468,0.0366788208200763,0.02065854460243666
0.02696359287320502,-0.04062967081060232,0.006695371602380361,0.0023515082710473495
0.02465240500159026,-0.025141333905458533,-0.04259535647324596,-0.016794088433639057
0.02191792693038051,-0.002545089163956445,0.0299628611303493,-0.029817934693874105
0.019050710186909965,0.020853765388351035,0.01979272143968709,-0.04036138250698944
0.015954161948621003,0.038367728829532155,-0.0434439559042735,-0.04593038897084186
0.012304778814245748,0.04488752103253608,0.01989879477792805,-0.040641925329582336
0.00845232424509218,0.038667062922946506,0.029933370454273005,-0.030358112598766168
0.004523275952816927,0.021492810845026654,-0.04257389405121565,-0.01754010929462777
0.0002660945625445013,-0.0018783823992802567,0.00682697187460572,0.0014565787529497807
-0.00394694795702528,-0.024700940819475128,0.03665453717822089,0.01965388800135373
-0.00784245709922347,-0.040421407641889985,-0.039046167468230364,0.031748117294244704
-0.01169204031055077,-0.044703033119802525,-0.00671808682808512,0.041752936972114296
-0.015264371877390461,-0.036271055883912814,0.041257303157909465,0.045492480884534774
-0.01829298821789097,-0.017444417699324026,-0.031339794522767916,0.03856790810978586
-0.021154315587952582,0.006276657887545295,-0.018233266187972354,0.027819781758400504
-0.023833878059144217,0.02815572062284203,0.04429612376562742,0.013936984124981636
-0.026093406519283775,0.042073888405571476,-0.019846436561492205,-0.00579232743417016
-0.02833041766590596,0.04395169440917855,-0.02737793231247214,-0.023142072129403557
-0.0306496960626883,0.03324612255238679,0.044362385805025974,-0.03474493605327239
-0.032737028949089725,0.013145724687559512,-0.007057510061729789,-0.044422455784039985
-0.034858180285318785,-0.010709471300186466,-0.03523655806111287,-0.0465830317921343
-0.037128483599869457,-0.03156911942376432,0.03979050682334288,-0.03867765406836074
-0.039119067524701824,-0.043351281555637076,0.004776022727259152,-0.027920127340343354
-0.04092679700441806,-0.04276601193450607,-0.04190306328716359,-0.01328505050029205
-0.04269651456336438,-0.03007285002876898,0.03091378366419014,0.006560336000140409
-0.04398083400573112,-0.008766006321386468,0.015400917330102161,0.02268387445723505
-0.044785345876077604,0.015043320808982923,-0.045668345931058674,0.03373246048792715
-0.045364256934353524,0.0344487951734499,0.019962992735683804,0.04276762995231039
-0.04536833373742299,0.04403393146388023,0.02566688363919067,0.04316651141372868
-0.04477495194031221,0.041075927442744506,-0.044731315483543324,0.03442011313125474
-0.043966746617900974,0.026292499643287146,0.008914412076230999,0.023490802023997424
-0.0427311925292331,0.004002600519778306,0.035391597017873144,0.007889273880323103
-0.041006324840076686,-0.01938231341819626,-0.03918416449452458,-0.011981673388351948
-0.03924025708162051,-0.03732259749403913,-0.00202200178829647,-0.02705310870871157
-0.03732353207836382,-0.044627403990572016,0.04268474936611263,-0.03784625615978155
-0.03509866628048398,-0.039126337084431986,-0.030940350124771948,-0.04615730292962988
-0.03297848446500734,-0.02251921246826035,-0.013621583937739575,-0.04482699217715182
-0.030898812598405025,0.0004907134726631607,0.045499350786782584,-0.03541768953389793
-0.028560010365698222,0.02344806342301032,-0.021774887459750293,-0.024084548146572474
-0.02626483472605664,0.0396791155850478,-0.025623306051343338,-0.00730848727291299
-0.02397933617499368,0.044542584776252246,0.04361946605286688,0.012544292508926547
-0.02129430527661744,0.03677183169379269,-0.01175467374787911,0.026835859967928474
-0.018421609619618553,0.01847585587274032,-0.03593016245996124,0.03765545930257771
-0.015432714976653019,-0.005176220382237927,0.03874489814086702,0.04517998645064592
-0.011934659516589646,-0.027304671670901406,5.104098250608304e-05,0.04230571156286742
-0.008134846919237831,-0.04166840428902859,-0.04218546790379391,0.03255175147527776
-0.0042976705804025905,-0.044243946063331506,0.03243870289265557,0.020825500214603106
-0.00014162053838233374,-0.03415322340261293,0.013353307536909746,0.0031287389138308494
0.004123499651588043,-0.014299755445352681,-0.04398958411372649,-0.016170818677821
0.008088117900981465,0.009559446532878125,0.02441282539389313,-0.029421320561139053
0.011976955932887012,0.030753999680534258,0.02578839496787373,-0.03986984096089064
0.0157069471218594,0.04324877249442143,-0.04292019033780633,-0.04592128081900031
0.018884827104290233,0.04335844308112456,0.013474959576364463,-0.04115639062845927
0.021784267063775647,0.031154805952439836,0.03481022854422902,-0.030778720808228462
0.024546792086931973,0.010153755305725386,-0.040180184746942044,-0.018131003206712973
0.026867028864834445,-0.013798580000343013,4.833072839144254e-06,0.0006815022410387694
0.029029311316190704,-0.0338052549071864,0.040020584463998594,0.019466228894783437
0.03131525949747685,-0.04409476314819578,-0.034988385801724975,0.032049971627385807
0.03341462637872882,-0.041875489760154594,-0.0134432680723599,0.04234316872191998
0.03546455133708926,-0.02774402157795783,0.042828958488257796,0.04700472650037328
0.037735054613810506,-0.0056274022701368505,-0.025953329496852987,0.04086038736889231
0.03983479769878916,0.018044781342632415,-0.02436956178840369,0.030349214265950702
0.041691367014558944,0.03653063492071854,0.04394011264816539,0.017053549185581694
0.043546424257366836,0.044690979980239916,-0.013543622218660203,-0.002271290376335371
0.04501365809711844,0.04010183550127232,-0.03244308152354399,-0.019975323728948217
0.04591212946077246,0.02404484796923106,0.042135120601477324,-0.0317242952301437
0.04655180529029948,0.0012410178604426677,-0.00027763151037959484,-0.04152949900557078
0.046693857706434326,-0.021881074814698538,-0.038795516941343096,-0.04447987162048631
0.046154028548451194,-0.03879795082084838,0.035908305939919415,-0.03707310511195316
0.04534316471796492,-0.04455164514065258,0.011550103960161817,-0.026407822355835678
0.044203385579131046,-0.037551078672715385,-0.043669336769895206,-0.012276854866799348
0.042537349303840795,-0.01990032079763191,0.025662947571115983,0.0074143208812228155
0.040770708376118375,0.003486484177318211,0.021617003749251296,0.02403669293054501
0.03895722467978371,0.025925764924571146,-0.04556201840766683,0.0352507231540662
0.036821565201487994,0.04089013981940599,0.013679386097863965,0.044568771864688446
0.03469680039095356,0.04421699121277664,0.03078793170913253,0.04581798509010558
0.03268289455871646,0.03498784255660822,-0.04280797953861052,0.03743970121732657
0.03040502190482737,0.015701536265561176,0.002055183777782931,0.026574961622613667
0.02805701910521577,-0.00805639777711394,0.039034041580880016,0.0114017572086744
0.025778015343515318,-0.029438138209322125,-0.035554597135007915,-0.008591465929092391
0.023144025086085655,-0.04247675512096932,-0.008875681242304322,-0.024331387609464867
0.02023607951723382,-0.04339980070932211,0.044637989921923256,-0.03542051295930501
0.0172797854836673,-0.031842130057165983,-0.0258177652237171,-0.04432039037098686
0.01390442503163477,-0.011226487258748622,-0.019898726199581808,-0.044046704493514645
0.01014729451815494,0.012578195560114145,0.04563720471852249,-0.03511376119348156
0.006374351476925578,0.03289966524941649,-0.015555686688132923,-0.024131807713011866
0.002352368532170523,0.043824774197955316,-0.030875907914227167,-0.008033701651068183
-0.0018981636106064198,0.04220190811971848,0.04188186368385768,0.011798589147596895
-0.005903822379063436,0.0286179079447335,-0.004970977829145649,0.026420838259203164
-0.009785920291657126,0.006852336904700002,-0.03981123433174273,0.037164059214772095
-0.013621094365899552,-0.01695856578893971,0.035223333446905765,0.04502835377463372
-0.016968301585706558,-0.035891907625694754,0.006859010650786588,0.042797460612641704
-0.01993957364606636,-0.044601561802616284,-0.04440066512889096,0.033043754370705725
-0.022802560761709004,-0.04069550749835348,0.02741815906423772,0.021360989241048133
-0.02524985867233168,-0.025151629196275116,0.019694835261506043,0.003940124200272784
-0.027395833210744753,-0.0024101333048776557,-0.04433451912811909,-0.01581817829274173
-0.02964459435004233,0.020933867213079264,0.01831190088630982,-0.029686659458395406
-0.03176109794954164,0.03834414980527631,0.03121002123367862,-0.04038600452769224
-0.03373203776972326,0.04488362752679878,-0.04134535840604233,-0.04721902423800963
-0.03593140747124638,0.038556123514195705,0.006774177163143366,-0.0433654731764024
-0.03809001893748279,0.021252009069292022,0.0389047872892156,-0.033256226179000495
-0.03997882756668759,-0.00204043427297824,-0.03680645903493233,-0.021068311132071894
-0.041876802847799606,-0.02482464142581999,-0.006791770449650576,-0.0027978152875761907
-0.043524471660647386,-0.0405568804383888,0.04246133497596728,0.016235109768976144
-0.04457259165066166,-0.044669046156186325,-0.030094119602726132,0.029073884232677975
-0.04530094720723608,-0.036127830136209044,-0.019843727317786476,0.039383338659905204
-0.045612805287383915,-0.01735436789184692,0.04339845260903219,0.0447030345711296
-0.045189263690716686,0.006412307511719216,-0.019944060533557677,0.03919517042808181
-0.0443815079507806,0.028281141947914073,-0.02991299318791544,0.02876012125188082
-0.04330760018319667,0.042002657867432236,0.042577151472765966,0.015873733811804114
-0.041695281924698346,0.04380341709233881,-0.006880557070953174,-0.003110498795858897
-0.03988443764223727,0.033087368341524495,-0.03669030049681566,-0.021235658320051472
-0.038108528602589634,0.012863427385441826,0.03897814108166593,-0.0332403549537703
-0.03605631528703759,-0.010956775640569624,0.0065792605305044615,-0.04317953383713972
-0.03392746169933465,-0.03163581526246644,-0.041367151017351986,-0.04690590839665948
-0.03197009914548016,-0.04336309644294438,0.031249696996770795,-0.040038205631186305
-0.029806004442618873,-0.042663082790224204,0.018114427880449584,-0.029410070860369883
-0.027463124012859445,-0.0297631006441497,-0.044354929380668304,-0.015678125765367007
-0.025202621735653935,-0.008461227511526587,0.019845203020638625,0.003907076867269055
-0.022652377118202383,0.015279420336084678,0.027348361760859464,0.021157886874875097
-0.019728433457780085,0.03469704559770157,-0.04436795440339833,0.03274090015451539
-0.016755117283169217,0.04411920172052598,0.007079612785771291,0.042486477047896896
-0.013464429073987007,0.040951052903203285,0.035186796220706175,0.04478773943849494
-0.009729195507732755,0.02614803396289808,-0.03986985120991316,0.03706862363287077
-0.005961831866512285,0.003797603449599856,-0.004840582155524325,0.026501641974563808
-0.002051908136462567,-0.019656877099134353,0.04177710830442542,0.012018125989174098
0.0021483123033072525,-0.037434233727888934,-0.03105659751853962,-0.007737920027445833
0.006179493284635967,-0.04458965994392937,-0.015481647320568765,-0.0238396594442027
0.010019621196800733,-0.03904596627042976,0.04558246059508144,-0.03492249131307885
0.01388203603574135,-0.02226544533970891,-0.0200425938194776,-0.04401233186799534
0.017370127235529196,0.000851509821499189,-0.02566726875927381,-0.044443389169527135
0.02041551156362413,0.023704436594369258,0.044729671464387284,-0.035674212853991444
0.02336301039376194,0.039904117509713316,-0.008952115214012166,-0.024643720432274113
0.025974832066973035,0.04472911176363858,-0.03539773452087828,-0.008858897388199945
0.028177255075490275,0.03674943103571564,0.03914505019517477,0.011252409575983117
0.030415932893312948,0.01837018699834518,0.0019047390438175105,0.026584673911659935
0.03258183572381475,-0.005241908612790741,-0.04278907878331478,0.03762035031401522
0.03451391805099269,-0.02744000791694122,0.03083023444854834,0.04611598327390258
0.036610504277875905,-0.041761729905433725,0.013462465403815986,0.04489178529858833
0.03877848246990034,-0.044153985765635145,-0.045609629122174394,0.035516553350567255
0.04067619830415713,-0.034038662122206284,0.02171639243275617,0.024166171035945417
0.04255540315765324,-0.014170736181000163,0.025544490488367818,0.007357260148408503
0.04432897977951258,0.009799298285451893,-0.04365442610970629,-0.012498641820607661
0.04554090968854292,0.030918062167890552,0.01176557230845788,-0.026732699457037094
0.04636859403683258,0.043272033638674025,0.035886019347021084,-0.03742257053238124
0.046863857630240535,0.04338768967110529,-0.038805374515975634,-0.04474890930730098
0.046628504422677956,0.031097788319987503,-9.906068528108415e-05,-0.04163664001108713
0.04587419950031307,0.009976577235209162,0.04206262627126707,-0.03164928809139599
0.04487133221291806,-0.0138801862622074,-0.03259442435668692,-0.019732569382541587
0.04333934717156492,-0.03381262982961331,-0.013468957203298253,-0.0019188261222331513
0.041478612324713095,-0.044109894583051354,0.04384892076039275,0.017408134920100394
0.0396762020852009,-0.04173898011459605,-0.02455282871463596,0.03060986051481718
0.037674415823138366,-0.027507979551790414,-0.025846057808810028,0.040965365776534785
0.0355188024056914,-0.0054821901054135196,0.04287202854189075,0.04691612905806798
0.03356740806899923,0.01818108140499426,-0.01353619004720941,0.04208459235534464
0.031521295786430335,0.03663183033746431,-0.03481691359132,0.03170475247854321
0.029229179855234197,0.04457327391361449,0.04015462679361573,0.019122606081631254
0.02700284053396874,0.03988325948282008,-9.902668990074832e-05,0.00042906327480447435
0.024577880871680027,0.02383186909628184,-0.040103497877601514,-0.018212712618943
0.021700710004162606,0.000929162247803499,0.03488310339025724,-0.03067480623319578
0.01870945699072552,-0.02215226783381955,0.013270513580294532,-0.04090668106691929
0.015487580971328005,-0.03886763079742078,-0.042969698514680105,-0.04558738295862286
0.011774624430814376,-0.04455349044110344,0.02584817014646745,-0.03954865266693167
0.007959376760483642,-0.03746582595932273,0.02424083335687952,-0.029212416913601293
0.0041027098152407295,-0.01963433461562731,-0.044013804882406915,-0.016121195903082704
-5.042125974549864e-05,0.0037239356725660266,0.013531281134032593,0.0030099389131976
-0.004121653602759667,0.026044955572163794,0.032397629505006825,0.02056503319997745
-0.007926458828937132,0.040989950118811264,-0.04217197781748014,0.03223503622768575
-0.011755336523150261,0.04415391875014609,0.0002665500651624814,0.04202999412085301
-0.01533458913470792,0.03470726750584658,0.038712408753629995,0.045013542025196744
-0.018434561021594974,0.015411789838367801,-0.03602796005701988,0.037650463607277085
-0.021416570631672606,-0.008366274177599334,-0.011646270471975502,0.026999051997913692
-0.024176798428499565,-0.029798660174285996,0.04352622185722052,0.012814953475042115
-0.02648263188856798,-0.042667740974534706,-0.02581990763942935,-0.007009182498821028
-0.028737831165165383,-0.043424342921967174,-0.02170150351967939,-0.023836459251676195
-0.030986525088874416,-0.031839078781835554,0.04548515810218143,-0.03530488280619922
-0.03295211395267853,-0.011087882605784792,-0.013754928198903706,-0.04488505147647546
-0.03496741265392396,0.012806339684933915,-0.030788231000758774,-0.0463598267796593
-0.03712532033196355,0.03299879367384173,0.04280820386385577,-0.038142921860580666
-0.03903226155359352,0.04386297887441475,-0.0021027200912393075,-0.027361451567924605
-0.04084934930538922,0.04221320026991846,-0.03905815429006482,-0.012199182437749553
-0.042670382564756366,0.028444903087071947,0.03550422592044075,0.007822948879321142
-0.04401961086859841,0.006612297295806786,0.008747333851695953,0.023591453294012195
-0.04492751339698869,-0.017115476970891285,-0.044750785395854066,0.034673467170832264
-0.04557720800253147,-0.03607600155607755,0.02571715666228088,0.04349999824024231
-0.045569426068191955,-0.0447370040114478,0.01975856747611436,0.04307771537640454
-0.04492881091942829,-0.04063965012428836,-0.045726588796074316,0.03394001281624149
-0.044021452656833916,-0.02506878679647813,0.015529250390544497,0.022728182471612794
-0.042621626421303564,-0.0023466137588780867,0.030829795108661868,0.006414787933719094
-0.0407576546167641,0.021083232742040547,-0.04189609870040412,-0.013574521907200468
-0.03890340847926908,0.03841500270115793,0.0050010519367980075,-0.02827091069993652
-0.03692629866993729,0.044799761458656086,0.03978247812825753,-0.03900421941325786
-0.034726552961217835,0.03848615098582905,-0.035280747429421506,-0.04678843032869521
-0.032712905382900545,0.021140354355370962,-0.006900834634388428,-0.04444194404825078
-0.030738242149418143,-0.002239547499488446,0.04429307473051663,-0.0345831474712221
-0.028505449300847665,-0.024896012782088372,-0.02755849907690975,-0.022839873908815023
-0.02630437878324435,-0.04050493745699406,-0.019784167404523306,-0.0054235073748030264
-0.02401878325576353,-0.04460756721070328,0.04423528804095842,0.014260878418679129
-0.021259086239181626,-0.035923465349274375,-0.018411699820287373,0.02800977723632412
-0.01828696376949601,-0.017048753059119306,-0.03122714683090192,0.03858337464948917
-0.015147256103880298,0.006607778915537613,0.04134142932697109,0.045322292661940176
-0.0114954177235175,0.02843264172181628,-0.006804086966812249,0.041442432993685184
-0.007621381353899796,0.04211702586623311,-0.03889198860935256,0.031395980791249244
-0.003762341293453448,0.04370550767863565,0.0368001575009571,0.019351920115460823
0.0003637701551827363,0.03289092374833301,0.0067081037358485375,0.0012810826541981358
0.004507312444849699,0.012710641056441587,-0.04253908472011108,-0.01753157300600556
0.008329265151393735,-0.011162354006615856,0.030005407113852436,-0.030174685568188607
0.01211199475085669,-0.031780623260441065,0.019692567014465645,-0.04034734854274113
0.01574770282643734,-0.043278332257843645,-0.04351635035885373,-0.04559969149853524
0.018891063068720394,-0.042489757549662194,0.01987453729715531,-0.04008882050093427
0.021852757146949186,-0.029524134089860717,0.029822484832716444,-0.02969009350270731
0.024701205508051185,-0.008063350777531142,-0.042622602967953296,-0.016835880362646962
0.027113599304953502,0.015635658648457812,0.006895037952173718,0.0021587816287100907
0.02938574541109728,0.034899529023654056,0.03666427585904125,0.0203624065006673
0.031718509718123906,0.04428346716724831,-0.03901398881265757,0.032526750073967076
0.03378217553525415,0.040968301308484924,-0.006594046698754641,0.04269363881517291
0.035769913815023556,0.025955605818739663,0.041280029297600294,0.04668015488333301
0.03792913109325082,0.0036133886170106413,-0.03138133840722409,0.040066746186408375
0.0398798351682232,-0.019817799609622926,-0.018216771036965514,0.0296484349198357
0.04164031716709912,-0.03762743582919442,0.04421803401807998,0.016050908522754852
0.043448852778900204,-0.04461601889540322,-0.019996739965712357,-0.0034790788603683933
0.04489674203139966,-0.03890024124696226,-0.027423799321158335,-0.02073585437823482
0.04585331796973218,-0.02211590888956763,0.044307163211345806,-0.03235711302869879
0.04659173160245223,0.001088234668183605,-0.007149809433115561,-0.0421309906719052
0.04679637960946609,0.024005295336764765,-0.03519286041986267,-0.044410828731586804
0.046303625779544416,0.04005003672494894,0.03986145393957128,-0.036602765348285965
0.045504204646243766,0.044782146504231575,0.004770124846379099,-0.02587862844329431
0.044281215476309616,0.036782974671141964,-0.041835737567185206,-0.011187113814293817
0.042492701072784266,0.01824111327644279,0.030976670399159544,0.008787400118537781
0.040608918797688055,-0.005431267954033415,0.015323480125527535,0.02507470179144221
0.038660206252733656,-0.027520413274548267,-0.045725415500918236,0.03627853939546692
0.036433235078334694,-0.04184549941358165,0.019926312319533884,0.04540309543387401
0.034312469274589114,-0.044205615316090185,0.025517943082406715,0.04578338259940044
0.03234222341666757,-0.03391847659033989,-0.04483187004039587,0.03690633825333873
0.030146850408445423,-0.014043976578765473,0.008918029255388106,0.025747809451341218
0.027933353331361474,0.009853494026076545,0.03534090921910364,0.009853542053903739
0.025751844483876112,0.031014070675662624,-0.03918610679936839,-0.010311344489185713
0.02314700539040836,0.04327426043189085,-0.0019063764027838462,-0.02562645233824688
0.020234873225268922,0.04321208086299857,0.04272505892587663,-0.03658513941304611
0.017198232916782196,0.030930802879749683,-0.030934749795106856,-0.04496795826751281
0.013670783744102554,0.009799050468182096,-0.013548225713747851,-0.04363425074491426
0.009780756946890366,-0.014127519142162764,0.04546924130812916,-0.03419805680978301
0.005899766856014149,-0.033923182489503774,-0.021888363439407352,-0.022863034197447375
0.0017956772388510844,-0.0440735009025478,-0.02565595965773506,-0.006154908883451228
-0.0024369203062665785,-0.041699597267064556,0.0435476632652805,0.013521996618085737
-0.006345435641108319,-0.02736075237799962,-0.011875126594771803,0.027531371296887857
-0.010115862038143212,-0.005254890859562593,-0.03591538649502944,0.03799542523311429
-0.01380590351036399,0.01826463053515177,0.03879231416301058,0.04513136371940904
-0.017014056002801915,0.0366245191740095,4.841949537183735e-05,0.04189282906204517
-0.019934545085824915,0.044518362256319124,-0.04208154132363062,0.031855050308302824
-0.02280442467338999,0.03962075021998956,0.032559597997299,0.01994592580783982
-0.025297449271302633,0.02346938804982516,0.013353640998900766,0.0021648224517711633
-0.027562294171621638,0.0006407419035966953,-0.04395966911178337,-0.01714113897491607
-0.029935426449468658,-0.02245416424476353,0.02444683453032707,-0.030373809457713015
-0.032117254356067,-0.03909953118453497,0.025687688649048246,-0.04083741539649145
-0.0341250126747431,-0.0445432939560586,-0.04299374354677202,-0.046971470943283467
-0.036301968635814454,-0.03735786418229474,0.013476853788914112,-0.04238062526315353
-0.03834490379880623,-0.01949091378176814,0.03474173556164483,-0.032265711262585026
-0.040102879929187256,0.0039970980792812675,-0.040193590050193746,-0.01992624352086745
-0.041884455363442506,0.02626503246601506,0.00011992235589807008,-0.0014169164632164353
-0.043412069901745745,0.041029220159933856,0.04008106491321496,0.017116450856413355
-0.0444060872513091,0.04414507280851291,-0.03492898744989369,0.029548879894727983
-0.045165530940465125,0.03458055047614458,-0.01329521114694951,0.03980849332775506
-0.0455259333111677,0.01509820336792539,0.042879802268770785,0.044533536257222735
-0.04517783017483229,-0.008645405878029356,-0.025983846490662554,0.03851783541564601
-0.04446723511771845,-0.030004087234965858,-0.024336965014728835,0.02815204775143852
-0.04342453704857108,-0.04287997991190211,0.04390060448571937,0.01495879529990958
-0.04178036530738027,-0.04347016944817474,-0.013656243967693042,-0.004338550844651652
-0.039913666620872104,-0.031703710570988634,-0.03244210286890265,-0.022094494969416283
-0.038019293584223325,-0.01096225775106647,0.042150922277452194,-0.033964471021267206
-0.03582040008989433,0.012982833890978467,-0.0003054009009395711,-0.04391646608386571
-0.03360008233281328,0.03323059974526502,-0.03869724199320695,-0.04697930798744082
-0.03158688416164904,0.04393898976935474,0.03604112455600162,-0.039609132758261466
-0.029406262724097767,0.04218988452435553,0.011588291727017917,-0.028874769871597213
-0.027138636924166213,0.028433438305554164,-0.043580116218835216,-0.014557422129437132
-0.02498778340758443,0.006485635665469816,0.02575426819259943,0.0054065882651986195
-0.022523623427742688,-0.017275045039881684,0.02156277536095899,0.02233855358291781
-0.019685859234693605,-0.036087155776453855,-0.045606727298952036,0.0338525426782053
-0.01674951845667393,-0.0447138367045005,0.013675385824899806,0.04340897096691132
-0.01339664687535801,-0.040588939730802874,0.030683296607470465,0.04480223641292875
-0.009563479912438794,-0.024856621887885656,-0.04287127499215765,0.0364827317811263
-0.005680320161497967,-0.0021333125352858183,0.0021103585103756286,0.02561824570273378
-0.0016228604920285065,0.021190373370224173,0.039039562524164774,0.010427787226995309
0.002672407825110252,0.03853965814949406,-0.03552413181654244,-0.009539174524412716
0.006711264374128603,0.044840171216200056,-0.008733711619883636,-0.025165142746537687
0.010518450057888993,0.03835268480192088,0.04470032582862993,-0.03603985284529332
0.014280225131557727,0.02103137080632174,-0.02581845517150267,-0.04462696123916098
0.01760359102967936,-0.0023095172745251184,-0.019838123613138615,-0.04397448031708511
0.020515298399776675,-0.025002462791199356,0.04560437802201777,-0.03465803628053792
0.02337203316316829,-0.040458992208721074,-0.015682629950754243,-0.02333929586017704
0.025923723471893215,-0.04438815108294078,-0.030917255094276442,-0.0069891150707215265
0.028160004384804767,-0.03570336357141926,0.04182417392460483,0.01298349015296023
0.030505140178903364,-0.016754520081799867,-0.005082255240090933,0.027647031229279122
0.03277313465964528,0.006963773044588231,-0.03979239465332864,0.038376024554012574
0.03481541580106448,0.028620975631694308,0.03528560298635916,0.0462149044461015
0.03700241504752169,0.04217743381403465,0.006853719315857855,0.04399919027044988
0.03916259804717706,0.043717047233432026,-0.044323186192619685,0.034346484298907125
0.04098835543697911,0.032711427494315735,0.02751358629678669,0.022855844466451024
0.042767996185614096,0.012436419475274465,0.019655279150988726,0.005697929214574725
0.04438550915774463,-0.01133339773042631,-0.04436356275733848,-0.013759974237247612
0.04544663497845873,-0.031929407830684785,0.018300651016901787,-0.027349517710066367
0.04619734485367421,-0.0433574464897981,0.031071024054042943,-0.03784794757964567
0.04665298298017256,-0.04233076223252416,-0.041463254337943276,-0.044584033589445946
0.04642815440565015,-0.029272658754920914,0.006751651144928577,-0.0407473251871209
0.04576575935665971,-0.007819488294926534,0.03882348489125232,-0.030754030132940192
0.04485672818994819,0.01596618043358729,-0.036847615363277464,-0.018729592625953223
0.04338170467532159,0.03515743815093926,-0.006701963906920975,-0.0006162540300413008
0.04156750539338329,0.0443294755939745,0.042496263476006636,0.01830620172616252
0.039746007066827335,0.0409489973464871,-0.030087630784641307,0.03111656661856669
0.03764169342329068,0.02584033614605578,-0.01975612828061622,0.04148353100633973
0.03537773888905692,0.0033255466392238344,0.04339444827191347,0.046911722710176344
0.033315176681808674,-0.02006231671602703,-0.020044322269275817,0.04152142281608199
0.031152627385904037,-0.037769708829222634,-0.02994579234806171,0.031164377680315984
0.02882022862082913,-0.04476228072668206,0.04249710853285563,0.01826339445349138
0.02662691788258348,-0.03890839307446842,-0.007032684045243708,-0.0008484188547842913
0.024253877002932266,-0.02196137227638847,-0.03672272078160771,-0.019202212769778213
0.02147488295193042,0.0011984605740313595,0.038983613541617855,-0.03151193170263215
0.018598931678718733,0.024110586875597074,0.006535019014108891,-0.041781887552015895
0.01542363713105243,0.0401851709503875,-0.041298277194986154,-0.04580284257574781
0.011708641108902353,0.04475104412680837,0.031360800408247576,-0.03915749406665505
0.007856863203229172,0.03663583627803818,0.01811809913074925,-0.028662578419860127
0.0038848124693612583,0.01812334743858007,-0.04431928498187431,-0.014975934087116444
-0.00040514393530234665,-0.005629821017801826,0.019895065452805148,0.0046115204430055715
-0.004565996213951403,-0.02774216618494177,0.027257274569509975,0.021856830047724946
-0.008438066698552557,-0.04190368051908278,-0.04445406442412629,0.03338363540576082
-0.012277648721700299,-0.044214552754379674,0.007059682273473689,0.04298250322584587
-0.015764230077671353,-0.03392648359982203,0.03508558686064313,0.04502868895812329
-0.018737451566255794,-0.013923653869033235,-0.03993316092602077,0.03697164575541989
-0.021591955607934525,0.009954361335097512,-0.004769831730203033,0.026025616634742333
-0.024207939792686876,0.030967043548414584,0.04180811061754932,0.011169481853976704
-0.026428481366332954,0.04321361886668247,-0.03102039631236656,-0.00889308802049835
-0.02869364234102298,0.0430754285839704,-0.015336977972168386,-0.02519742807738414
-0.030989664822383592,0.030626591189594845,0.0456519278995983,-0.03637836492557523
-0.03305113441458124,0.009532784464382693,-0.020055007360117876,-0.04547690520320092
-0.035209480467174044,-0.014309225620878921,-0.025617630863256108,-0.04586644926227452
-0.037462343104858964,-0.034111970020156965,0.044706880579543584,-0.037068077588733574
-0.03940019523464456,-0.04410389641465377,-0.009069338678852297,-0.02606670632156561
-0.041210885534292994,-0.041540145282528154,-0.03541943266622587,-0.010393154107484617
-0.04293766892579036,-0.027207418206392556,0.039136101490296345,0.009514575560361014
-0.04412592110781174,-0.005064245094113994,0.001843245801505032,0.02457813692640595
-0.044892528071479414,0.018500088319422212,-0.042724724503285585,0.03533521374587054
-0.045413532284676504,0.03667961129503145,0.03095142675640521,0.04359097619672539
-0.04530406869874811,0.044422561188774225,0.013504083237408178,0.04221174639499537
-0.04466102163224354,0.03948958754562333,-0.045506398828420044,0.03280129133964246
-0.043814137595424005,0.02318280906823101,0.02184345058124309,0.02152823038262568
-0.04248556645754066,0.0002809315990163332,0.025531179989367932,0.004875444905442028
-0.04072842047829712,-0.022671563662382724,-0.04367063870804807,-0.014785988830197362
-0.0389644168910114,-0.039248515840295574,0.011785766740371737,-0.028844725898936798
-0.03699201861069675,-0.04461456789382017,0.03579262871166963,-0.03942827864292914
-0.03475436259900372,-0.03719031141308448,-0.038881566387302564,-0.04673040950311284
-0.03266602950884776,-0.019226288321524954,-6.11826306431602e-05,-0.04366960351178133
-0.030551709710849292,0.004226184667278391,0.0420543640591072,-0.03378300013105241
-0.028192098532821563,0.02655405746342253,-0.032579689260391,-0.021958934589269424
-0.02592283738059634,0.04124935838234055,-0.013325444901982971,-0.0041760759936146615
-0.02359251311584337,0.04415080846923431,0.04393723949002853,0.015212568521687278
-0.02085080327024169,0.03452938271578161,-0.02452043132754657,0.02858863413385024
-0.01797606929773325,0.014998105053450391,-0.025742245599066713,0.03922054010991821
-0.014929056251227313,-0.008879337765415092,0.04289203751981293,0.04550191061976484
-0.01135202418534012,-0.03016954204262993,-0.013625283705076617,0.041005465411357155
-0.007547122109015919,-0.04290254057938493,-0.03483683871975457,0.03091870653238421
-0.0036800650790370913,-0.04348101587014373,0.04011105881958452,0.01854295983045504
0.0005275461176916133,-0.03159546858408049,-0.0002158880527988695,-4.018730405834469e-05
0.0047576391751770935,-0.010699911224227726,-0.040102794756333666,-0.018642232908285202
0.008687636114718369,0.013183328650301706,0.034937339959468135,-0.03110121475636217
0.012578221742673297,0.03338889147602819,0.0132630027422778,-0.041315411979655076
0.01623691751130611,0.04412112779814943,-0.0428866508291371,-0.04590756760792629
0.019339643269313114,0.04221977718083165,0.025973780393480566,-0.03968545015006234
0.022228994434694012,0.028352376256092247,0.02424323320636828,-0.029072059585886434
0.024937570168421845,0.0064666737738433705,-0.044003980520739804,-0.015627369550077087
0.0271972659353769,-0.017326887181241063,0.013562784651938643,0.003882355185966417
0.02937984380548762,-0.03614495311306591,0.03229166412154359,0.021779958727310932
0.03165906756303095,-0.04459374817814962,-0.04228272901665058,0.033716243740237975
0.033722474187775006,-0.04040545960411551,0.00023973818168534228,0.04367212724502299
0.035805658929357026,-0.02469938904545522,0.03861828422600335,0.04670494336561899
0.038083303541646046,-0.0018838175042230176,-0.03609676476215555,0.03931563542870719
0.040129037839382535,0.021401963263316337,-0.01157728640677834,0.028611776821106723
0.04198082306075698,0.038568513030491296,0.04355777574607619,0.01439489260776781
0.043813385665131606,0.044828972499089445,-0.025810762903136757,-0.005392382058686769
0.04518239129916565,0.03827940661367119,-0.021596015443293797,-0.022088554083705175
0.04602519950358843,0.020802552625265067,0.04551645456719317,-0.03334780963403578
0.04661943702515713,-0.0024896889503776697,-0.013826483920086039,-0.0426714121581828
0.04664750774364754,-0.02506084892575764,-0.030801783323517556,-0.04388898090952322
0.046037606654267135,-0.04050565023013018,0.04274172594324227,-0.035477397984620074
0.04519913091564943,-0.04428845692561833,-0.002265295781757535,-0.0246042017840183
0.043974339779808046,-0.03541827743813371,-0.03912177580081475,-0.009463905521107407
0.04225847030573482,-0.01649893860381187,0.03547722271279985,0.010426765514262583
0.04050295053575509,0.007203280597696563,0.008664780637503987,0.025991402875429687
0.038646423159039836,0.02887340722032605,-0.044719840670740175,0.03685814035248646
0.03647929832475655,0.04222889512432153,0.02581268801306408,0.04550503359862074
0.03438730648277412,0.043586936642593575,0.01976139058771446,0.044974101831219075
0.0323514702670336,0.03254856652633655,-0.04568614206959064,0.03582002639960888
0.03003404818991871,0.012143823459206006,0.015599058281939318,0.02466360874099181
0.027707784347737303,-0.01169251683695618,0.03075863677276217,0.008431931422497489
0.02540146515912619,-0.032129991588992005,-0.041981305261905126,-0.0114937480570528
0.022699851234574502,-0.043467557380846455,0.004972330344441758,-0.026196515632362246
0.019785913060877423,-0.04238094557424476,0.039658972871835806,-0.037045578623650245
0.016794169327158683,-0.029112805406858934,-0.03538999430845121,-0.045053073408491365
0.013334964678646984,-0.007582445482497552,-0.006879144456568993,-0.043014193384945866
0.009562808096565123,0.01612119883328434,0.0442830646962803,-0.03351014892941998
0.005777170700971527,0.03532798716313175,-0.027562075343559055,-0.02210775266404476
0.0016962873354773498,0.04442283064312124,-0.019662081278756374,-0.0049667265489719645
-0.002540725617176908,0.04081828858488034,0.04430666953787803,0.014528772169669696
-0.006503118262888136,0.02565023006600875,-0.01841736102043582,0.02818152213729397
-0.010392502135645671,0.0031211056122855394,-0.031166373257414257,0.03873060377450268
-0.014179258492243907,-0.020374385230821725,0.04133546889434462,0.04546221295603102
-0.01744044103042694,-0.03800746324509374,-0.006921853896961237,0.041542058522094534
-0.020393501440194847,-0.0448386477898056,-0.03893327496617184,0.03138537932674498
-0.023216575669838067,-0.03897594894274482,0.03676585501889512,0.019131614490112206
-0.025587878274511804,-0.021947781663101622,0.006606578649133399,0.0007581009204718324
-0.02773605802708107,0.0013415397266071294,-0.04252315187529232,-0.018408835137374364
-0.029990928295194275,0.02416787313466512,0.030093742968118606,-0.031413067999265847
-0.032064862189863215,0.040160598004122534,0.01971330616110098,-0.041901518313950475
-0.03405514185590903,0.044743917060095284,-0.04342426886673988,-0.047373091412983334
-0.03628239480480401,0.03649620382237055,0.020015040185781707,-0.041970702939000376
-0.0383946789113884,0.017882911811862356,0.029834492132534494,-0.03158452797935005
-0.04026866100177874,-0.00577553679741987,-0.0426195560332124,-0.01867459308803998
-0.042164031269614176,-0.02787250992921256,0.006935255160364662,0.0003899079299977403
-0.04372380710053067,-0.042024596541315656,0.03658184676654711,0.018618842568508317
-0.044698823607373955,-0.044149983020211815,-0.039103756648691104,0.030734127239476175
-0.045389263488906414,-0.033787311794346485,-0.006578338151827917,0.04076519720427173
-0.045593777914749736,-0.013835964689881615,0.04124836814509268,0.044538353783323194
-0.04507666261446624,0.010101465299722768,-0.03139754786478175,0.037682210492222395
-0.04424107407530536,0.031068703063295924,-0.018091981417497915,0.027048472717885352
-0.04309326312725766,0.043116286833466556,0.044311312775448114,0.013306442335681684
-0.04141296344539697,0.04292990417520231,-0.01994977888862221,-0.006257283941120967
-0.03961324485753701,0.030453141675587596,-0.027291049512308537,-0.023424685121520763
-0.03781333287719232,0.00923792648436152,0.04437289535629652,-0.0348632971644078
-0.035718094472540096,-0.014529051199971459,-0.007200878278445353,-0.04440302598218339
-0.03361814163120402,-0.03416098414831025,-0.03518713730073482,-0.04644614322632718
-0.03165792904954669,-0.04410981927740521,0.039838206926817846,-0.03845700864512376
-0.029443610119804443,-0.04140316003278539,0.004653121728787328,-0.02763821957834802
-0.027110366384222692,-0.02688115782934426,-0.04185260504931975,-0.012934317239767722
-0.024838852021848705,-0.004775419828307,0.031017986400288345,0.006988551701142498
-0.022214166545475648,0.01873754508490052,0.015305000199975735,0.023204396597304423
-0.019269563340313267,0.03691858586626053,-0.045648498697400265,0.034379312348565935
-0.01627862341442733,0.044467845766818004,0.020071024158248737,0.04355852088660601
-0.012905945998290574,0.03935104166741021,0.025556460408357816,0.04409788487195471
-0.009140953584427812,0.023038374696152743,-0.04478252234868156,0.03548948949128702
-0.005376614262234563,5.6830651660341956e-05,0.009000105603792347,0.024675118920024025
-0.0014127189072573737,-0.022935653002684582,0.03528327604447358,0.00914442360375945
0.0027947486618207507,-0.03932661241368716,-0.03927063729291859,-0.010684399171758181
0.006776779036611504,-0.04456969597125369,-0.0019188081810946225,-0.02573618667039502
0.010620334769009641,-0.03709337492040924,0.042634311314739395,-0.036533519116928544
0.014459048756283892,-0.018941523664231682,-0.031020554874940365,-0.044843086619370164
0.017860428408121794,0.0045793288171505145,-0.013496540886173794,-0.04348938391647766
0.020876463191452848,0.02679538917763117,0.04549652812137761,-0.034045279368840366
0.023800779421567587,0.04147775824709197,-0.02187926321481264,-0.02265779550804345
0.02633242774664397,0.0443122846938518,-0.02553462688768073,-0.005810673455458352
0.028514582067307403,0.03447802675888524,0.04361753009802505,0.014096715873123439
0.030767375899376427,0.014899070128384114,-0.011907098310308636,0.02841610231842296
0.032889551663262524,-0.008949014678443756,-0.03589226719571298,0.03923561838097732
0.03481940943565483,-0.030313900537162868,0.038762751998849064,0.046710757056861577
0.03695488557061182,-0.04296846507139929,-9.795743666800605e-05,0.0437439871898067
0.0390895258808268,-0.043373823905839,-0.042151678742798314,0.03388186701116551
0.04096029690332055,-0.03148690155178975,0.03252012715192462,0.022035350081243466
0.04285097201647743,-0.010554119371785332,0.013246890925974088,0.004221369118175322
0.04455741345886921,0.013428291197478546,-0.043960085149530564,-0.015162442015748628
0.04568411357269832,0.033525273743689764,0.024527793640678582,-0.028470222392953
0.046477167380518894,0.0441382979496514,0.02568929673407882,-0.038961040719487944
0.04688003188526301,0.042247905997517016,-0.04294799282811053,-0.04503550485946656
0.04653164570127709,0.028269457588432072,0.0135708793760763,-0.04029884622449048
0.04573920311838436,0.006290749825025113,0.03470150249812272,-0.029983097368776194
0.04467403247070095,-0.017386810782003013,-0.040261477218427606,-0.01742642481712986
0.04305739802713057,-0.03615530151657219,0.00010174172100001199,0.0012602343080065877
0.04119597185257575,-0.04459705912618129,0.03995575768302904,0.01987627030871063
0.03938791082334512,-0.04024001915211577,-0.035066724816815005,0.03227737195672302
0.03733842750333781,-0.024470462641069543,-0.01331177650921836,0.04239483633977759
0.03520236743976017,-0.0017498930996276418,0.04283311956611776,0.04688882728488894
0.03326963169405298,0.021543737162052524,-0.026029109881233407,0.04060870136587577
0.031174512671238126,0.03864350596943137,-0.024244535356657486,0.030004042053353094
0.02887722493445349,0.04468038084661586,0.04396617319579138,0.016634423997276434
0.02665460529942692,0.03806316241954771,-0.013660256963442054,-0.002750198482042339
0.024156527214085358,0.020579771648431108,-0.03237169896912067,-0.020505009564133807
0.021237803224109533,-0.0028126092459517674,0.04216568555947146,-0.03232692888953151
0.018238030631656372,-0.025302866861254523,-0.0004150822377973481,-0.04223302206711678
0.014940677088488978,-0.04055351125724528,-0.03874880841699019,-0.04529838675309997
0.011178741920405359,-0.044286497306556726,0.03598886655871926,-0.038027295301738574
0.007374316459200323,-0.035304283743217965,0.011449890021807409,-0.027505825976959494
0.003477094708129985,-0.01621906547637593,-0.04361712475081096,-0.013494145284384317
-0.0007006306875937883,0.007418495886328118,0.02579771422374875,0.006104218334806132
-0.004721066072193808,0.028986378348655913,0.0215458002334781,0.022661099742659764
-0.008515720285894332,0.04231843873545052,-0.04554573770176333,0.03385292693111805
-0.012340189378023092,0.04348355869901415,0.013809887912076034,0.04317498266129756
-0.01583999665044097,0.03225343640349751,0.030706163104691056,0.044429642648745694
-0.018896854554319296,0.011859489306141311,-0.04285772046512963,0.03605996031906302
-0.021870650948319404,-0.01201622431198793,0.0021671321851124653,0.025192247698645732
-0.024558975177973834,-0.03247950776987271,0.038969474825953865,0.009986596840589676
-0.026823814215250503,-0.04362242963283006,-0.035625267538324484,-0.010049021958873748
-0.029096739877939315,-0.042397575915895824,-0.008741523254993536,-0.025828172006275588
-0.03130839908528387,-0.02909909491298906,0.04463880562066331,-0.03695363229710868
-0.03324864376854392,-0.007416971565474183,-0.025879136016298883,-0.045859553579280156
-0.0353023491923925,0.016339414511590388,-0.019753292516128854,-0.0455456231121383
-0.037441904333211956,0.03540644603815543,0.04567730585018811,-0.03654142733541193
-0.039308742586820135,0.04446318123196933,-0.015647010425547305,-0.025455977160730035
-0.0411407123960155,0.040808986487162156,-0.030779559019774156,-0.009226433928628647
-0.0429197781923105,0.025450573552897905,0.04191774877566295,0.010730613216961594
-0.044178640676566745,0.0028921730524232767,-0.005105244344759798,0.025458679368500218
-0.04505053291378118,-0.020526957251105975,-0.03976496016315179,0.03629209778098613
-0.045629311091266334,-0.03819761641893896,0.03528330674180099,0.044214371951169666
-0.04549924802198037,-0.04494649714873943,0.006739082833118409,0.04201644731164263
-0.044804476123610854,-0.03890078479708717,-0.04435824933019935,0.032301571268016
-0.04384612626456991,-0.02187414581861305,0.027536026251775782,0.02066867280026212
-0.042350497880923765,0.0014158903179929672,0.01961453436574242,0.0033187293618580477
-0.04046386350561522,0.024321487305060268,-0.044309905259284785,-0.016321850519752754
-0.03861576415847017,0.04020244612960848,0.01844414189852734,-0.030035388136999654
-0.036591407072338496,0.044652299251430015,0.03112691907940592,-0.040562354423336285
-0.034395600821478474,0.03643067188742811,-0.04138925410896513,-0.047205546476527534
-0.03241803529607794,0.017752020773186588,0.0068754390222955505,-0.04316850807940481
-0.03040651381890537,-0.005969630316785583,0.03881352658944898,-0.032911850013171796
-0.02815494777760648,-0.0279148842769745,-0.03690036127281459,-0.020606567746305676
-0.025969802544162774,-0.0419697675272805,-0.006691538430153277,-0.002248643065953535
-0.023623155727243647,-0.044077751403756235,0.04241837524181682,0.016835054483476886
-0.0208020079918469,-0.033554329674540286,-0.030183606016766975,0.029716118945753957
-0.017821860003224922,-0.013538034176076427,-0.01972055641289886,0.040081309225185595
-0.014617087321959852,0.010279765340462151,0.04341412614504138,0.045467011578472015
-0.010895575012672921,0.031222815016450554,-0.02004175563243393,0.04005142542949455
-0.007028187945493489,0.04320622835249068,-0.02981666103625797,0.02974179173053687
-0.003144459171467878,0.04280077692080624,0.04260048152978245,0.01698621810274275
0.0010197792368996264,0.03026212851521473,-0.007024038829580778,-0.0018727955935852034
0.005117910860870638,0.00908364345538196,-0.0366557012965236,-0.019882257250354626
0.008910341720505253,-0.01474130594975018,0.03900502485197074,-0.031809373283517524
0.012698005408633585,-0.034273552410338075,0.006424347571438438,-0.04171420483442468
0.016266129567617176,-0.043998028048854755,-0.04135463948450934,-0.04543067107656339
0.01935025145941797,-0.04122689384904639,0.03132703447809844,-0.03857988807507182
0.022311171066789058,-0.026618172736592775,0.018001430271731435,-0.027984842724566077
0.025104787883015043,-0.004365190022326009,-0.04434331572302476,-0.014270519162811295
0.02746087218889126,0.019067445126937387,0.019963479266571323,0.005312745327058707
0.029749913015129147,0.03710927865830965,0.027257541188637244,0.022570804668752005
0.03206064413616692,0.044623001395062444,-0.0444031495336318,0.03418125734677224
0.0340815932354136,0.0393303351089655,0.00718097774921147,0.04395629722649403
0.03609822665776469,0.022832143303565894,0.035086418132997906,0.04626110743250344
0.03825455178585133,-0.00011603665703348395,-0.039966639167567174,0.03852194246350077
0.04015418210176644,-0.023104806975423532,-0.004755167123806425,0.0279028038815143
0.041920849821505526,-0.03950915440247228,0.041707179856869885,0.01332053746563022
0.04371009281296365,-0.04455927644184829,-0.03116090717947457,-0.00655806941370692
0.04506857070427277,-0.036940395139991276,-0.015371115121971491,-0.022787090252743798
0.045981705268754024,-0.018788698808728937,0.04558309248200487,-0.034001738590298036
0.04667188396109396,0.004837154516731626,-0.02013458576278213,-0.04320369778787641
0.046757412469155116,0.027083520318080867,-0.02555462715491016,-0.04371177967439921
0.04619340421396895,0.041597269187367114,0.04476380751063362,-0.035003590063969706
0.04535353849904743,0.04436552491082639,-0.009073773190097495,-0.024022424502661302
0.04403334062818523,0.03449499072921605,-0.035338682882363096,-0.008279056851298894
0.04219590963818736,0.014744832687593641,0.03917829706643652,0.01176570162721261
0.040321234944014295,-0.009125152611832723,0.0017553129751529187,0.02699487376069517
0.03832971893409119,-0.030384493537286648,-0.04276895241142819,0.037900934171726686
0.036086045908890786,-0.043058458264088745,0.030900399446328084,0.04623111799515549
0.03400855648900591,-0.043401863068326406,0.01334677504567121,0.044815477370027446
0.032019723166744764,-0.031349318323517165,-0.045584328538988854,0.035257964880148394
0.029794652226763196,-0.010442819832248844,0.021846328768095523,0.023742677779868788
0.027604131829323482,0.01348429100364541,0.02547412061096545,0.006792623199836565
0.02538315153495759,0.033622185643085806,-0.04364939284716806,-0.01315757175539419
0.02270445785244701,0.04410882363924232,0.011902237114896316,-0.027449391882540943
0.0197788051290548,0.042061119073809425,0.03581582480756725,-0.038184497574880294
0.01669157387997662,0.028110270720881236,-0.03886458191090058,-0.04554435470306817
0.01307787478576246,0.006098648875677477,9.593406026542865e-06,-0.042472850949245376
0.009178984499261588,-0.01762840058613526,0.04199982303869314,-0.03256036543695338
0.005286528555455334,-0.036233586203060004,-0.03268587247828366,-0.02074217652024441
0.0011345226168575342,-0.04455561753258004,-0.013351307316915202,-0.003042134788747973
-0.003067293499748157,-0.04019484659117188,0.043848588031537176,0.016152858477585377
-0.006928124311368513,-0.02429897889967851,-0.024628484296265025,0.029232942383209934
-0.010702739742417125,-0.001533539230263789,-0.025708127607884716,0.039501286392433756
-0.014339431050825874,0.02160238197802294,0.04292805837615568,0.04539360301101947
-0.017471923100076437,0.038634231374644286,-0.01362089738312039,0.04054237610871951
-0.02038749467671545,0.04460219974012936,-0.03471546228116987,0.030187010645176218
-0.023221874765643337,0.0377688779020818,0.04021419762356762,0.01764406617940804
-0.025649271065817783,0.020224731207510206,-0.00022326127970535744,-0.0010092112941506798
-0.02792434257340829,-0.0030953249630140504,-0.040061040487986296,-0.01960972210348956
-0.03029550474010748,-0.025608273952882576,0.03495328144380286,-0.03205278085705598
-0.03242799118497691,-0.04075242013652121,0.01315090008871027,-0.042290677745675076
-0.03445053510762782,-0.04424624855311128,-0.04294167488448508,-0.046978303604401105
-0.03664013931566876,-0.035195612255202374,0.025970884375624455,-0.040945288580008024
-0.038628003593542556,-0.016057732831876496,0.02416826123959189,-0.030605201715709483
-0.04037468182105431,0.007702004402045651,-0.04399251854467162,-0.017471036841199106
-0.04215257024985912,0.029177125748871224,0.013680816685777213,0.0017403314166404321
-0.04359650852183027,0.04234169146142382,0.032339883957729354,0.019399194742911394
-0.0445331668058573,0.04346841872028466,-0.042207305525577374,0.031202461747554276
-0.04526126382240597,0.03209358647293647,0.0003866652213518343,0.041141684214403715
-0.04551563786753216,0.011534665793198146,0.038645444683570146,0.04425033649437534
-0.04508080879491841,-0.012277072119753036,-0.03612102038384534,0.03699606705130985
-0.04433762352259864,-0.032686331112530824,-0.011542713252550641,0.02643456480009419
-0.04320764526101011,-0.04382367061846526,0.0434968281725062,0.012309587965360587
-0.04149137275452408,-0.04240578668315556,-0.025914124485300255,-0.007462517058011135
-0.039629077106508516,-0.028955917101979745,-0.02157926061147075,-0.02422257591042391
-0.03770053625343525,-0.007293585609545804,0.04552005156998392,-0.03561059641446261
-0.03546366414457668,0.016533292062034518,-0.013844364856817422,-0.045079371124819155
-0.03328101924397115,0.035626153548471415,-0.030683343489416606,-0.04639984428213978
-0.03126788640897034,0.0445111986995479,0.04286009783856121,-0.03801031841004036
-0.02904939081902158,0.040787602301398204,-0.002230415874963468,-0.02704969090036038
-0.026803300355196583,0.02543046664072604,-0.039019542560160034,-0.011706609784142945
-0.024638609737043578,0.0027455991992022437,0.03554887858668534,0.00846575256470878
-0.02209857401877481,-0.020668799589363598,0.008597309778974148,0.024341597165934703
-0.019238421486591502,-0.03819144878365892,-0.044750442031574224,0.035502197060753055
-0.01626922192616666,-0.044927574755804736,0.025798142902330644,0.04437392563187737
-0.012823447439957126,-0.03882907575897125,0.019647360760936358,0.04397242537096345
-0.008959528887404459,-0.021644717333331138,-0.04572625034010383,0.034866170008784114
-0.0050732374242395606,0.0016104262103016252,0.015656377456529234,0.023703960481961737
-0.0009629385303314915,0.02442440279503547,0.0307550023321574,0.007457644523164019
0.0033245941611436073,0.0403280493793158,-0.041930529810905046,-0.012430132756517324
0.007305650958330208,0.044662630310098095,0.005115822822109674,-0.02700373717922636
0.011109430558020678,0.03628631629076198,0.03970072953030779,-0.03762258724690705
0.014833821913810559,0.017657064662614658,-0.035382855765061554,-0.04530390274249686
0.018069243507662074,-0.006046711846675245,-0.0068192072770990875,-0.042881309320655765
0.020960574082914595,-0.028013218769764328,0.04422537314782611,-0.03299819397575034
0.023797323424967095,-0.041887863905053384,-0.027683270540047572,-0.021269723971763913
0.026279113598287402,-0.04385048299431814,-0.01969293544076975,-0.0038928300102170415
0.028511529982406206,-0.03333294796079386,0.044233530892322286,0.015725600411126202
0.030873364482663958,-0.013223824618025813,-0.01851846310321344,0.029407995736505498
0.03309661729890241,0.010622680780513956,-0.03112657419034321,0.03993821589464155
0.03513861463468136,0.03138021488592977,0.04138612415782319,0.04664702127043107
0.037352727000994145,0.043261402325384876,-0.0069250243210069035,0.04275315851149827
0.03946461513104219,0.04279194737798793,-0.03883928530966023,0.032712293754575884
0.04125951634789569,0.03005192970010352,0.0368432564538153,0.020663176962542197
0.04304309484456852,0.008819042560601368,0.006555146560622057,0.0025611750669713093
0.044587330569629276,-0.014899895788278102,-0.04254017826701172,-0.016304309409966963
0.04557319842095118,-0.03442358129640335,0.03006729336177248,-0.029038705503208865
0.04629840233421988,-0.04404569579129464,0.019561606101500623,-0.0393412894530103
0.04666579745601368,-0.041037367052915795,-0.04352239102158001,-0.04473318680135994
0.04634108715051761,-0.026370145270031578,0.019991617935480335,-0.03936498321074993
0.04564771107069642,-0.004111722351771065,0.029745156225149127,-0.02910609519833326
0.044669805756019434,0.019404520261103446,-0.042637243847600106,-0.016361727136743533
0.043107915336983445,0.03733422783753157,0.007029636755308114,0.0025503118345169217
0.04128826471399771,0.044647881048681545,0.03660131604008544,0.020679508785291276
0.03944565721190889,0.03930629021171967,-0.039084786421081756,0.03278066892783195
0.03728779758696932,0.022687560047440818,-0.00649043761628029,0.04287995495058184
0.03504542965733125,-0.0004146024965842668,0.04121943716094637,0.04676570385942893
0.03299809964434868,-0.023327433255376163,-0.0314933986508114,0.04002457959188312
0.03079288323921576,-0.03964934616449375,-0.018118920368863794,0.02945758208527917
0.028470521696428074,-0.04469814018271735,0.04421180690867965,0.01568364951595048
0.026285607612430446,-0.0369146792059554,-0.020093418449013564,-0.004024468149592709
0.0238438039097244,-0.018629440474088772,-0.02730412119142476,-0.021434379603434764
0.021031288621385532,0.004936630949073252,0.04436773468092012,-0.0331860898088142
0.018140153214079812,0.027199511370520672,-0.0072383566664693715,-0.043054670068248285
0.014878035776949503,0.04171906031711594,-0.035097619112839255,-0.04538277204866087
0.011110591963534543,0.04430354889959863,0.0399350982278241,-0.037603079534819964
0.007259286735567409,0.03434946572668814,0.004649363446403975,-0.026902959279796794
0.003236549105217587,0.014624296426463264,-0.04180386788026835,-0.012233422772698826
-0.0010723138268854463,-0.009340574845229982,0.031050629808123623,0.007693866679548902
-0.005176732064809637,-0.030587524031042146,0.015199254094639195,0.0238989568620482
-0.009034908198180643,-0.043095581248999454,-0.045718582266258224,0.035006166229150044
-0.012854302406798794,-0.0434163620200412,0.020045483107215958,0.044021944355280396
-0.01624994196917799,-0.03134255028686967,0.025445807347779657,0.04429086732703939
-0.019180862493726636,-0.010308395292516592,-0.04482197467035424,0.0353354486713359
-0.022024026252635782,0.01356158420897645,0.009076451721018083,0.024139519563621425
-0.024570487687564903,0.03356375237076029,0.03530322415805823,0.008242537687772535
-0.026766151944306264,0.04404847417137879,-0.03921668154844929,-0.011878097016018122
-0.02905842759573983,0.04189639153400809,-0.0017709901161445446,-0.02711572681203504
-0.031321930557134385,0.027795475478693824,0.042681389123694506,-0.03799601217871358
-0.03336865227936827,0.005851933937093287,-0.03102756903340455,-0.046303042205276194
-0.035564392751395134,-0.017810220444937734,-0.01344426853849388,-0.04490558625690609
-0.037786585787377584,-0.03641295235940088,0.0454503482842876,-0.03543909686293098
-0.039678752816482796,-0.044548186233593974,-0.021991230096047133,-0.024092151726932368
-0.041494660089117834,-0.04002576276854798,-0.02554137882228765,-0.007370554761768567
-0.0431639797004559,-0.024149353995175874,0.04359569802424808,0.01232023929049758
-0.04426072238585141,-0.0013275213699502472,-0.011960234660001349,0.026365679989021666
-0.04499576304582245,0.02182377468700792,-0.03580526312752862,0.0369096873282186
-0.045446081879182615,0.038654580918751645,0.03887296125181839,0.044154982344446855
-0.045226245699800216,0.044500000410808774,-5.849648333112962e-05,0.04105027719048677
-0.04454429633430851,0.03762296101299715,-0.04203248888234202,0.03117196115345696
-0.04364886585231831,0.01991148361881328,0.0326301965805643,0.01941733802521795
-0.04222841259519612,-0.0034415084037411124,0.01321874100953918,0.0017684012305694931
-0.04045246729818176,-0.0258049716091773,-0.04396350656547973,-0.017419782738403722
-0.03868306879997971,-0.040898768187505784,0.02453675040999494,-0.03056051329386603
-0.03665251102995049,-0.04428682059429088,0.025582712576424724,-0.0409576840626573
-0.034415613377858784,-0.03499604940930661,-0.043003369799055474,-0.047020324867209765
-0.03235306307338378,-0.015798525942264382,0.013611801339345449,-0.0423453460159658
-0.030196799012956636,0.0079347864054494,0.03468369073000893,-0.03213332599794358
-0.02782798376878579,0.029471907218965237,-0.04022546325401996,-0.019662588990386618
-0.025580038218196224,0.04252957271456477,0.0002511199748906274,-0.0009941476245423474
-0.02319368629702798,0.043452152579412394,0.04002562009915703,0.017700068544421823
-0.02040521317542439,0.03204300219677347,-0.03502575294042348,0.030293195455584402
-0.017527518645594285,0.011413107365338447,-0.013206240098483514,0.04069906267511624
-0.014410487835427208,-0.012518077888838689,0.0428275435248908,0.04552732853133491
-0.010764439437353205,-0.03282439161738063,-0.02611584113006998,0.039578992503474214
-0.006959463447169502,-0.04383866199683432,-0.02425512628414434,0.0292564475463784
-0.003052291661791143,-0.04241109075100459,0.04390507190773853,0.016077749704740133
0.0011972583516731755,-0.028816335446298698,-0.013770353219202452,-0.0032094634752343953
0.005382610721857583,-0.007027402304932071,-0.03234948368843467,-0.020932657206856466
0.009287788343721372,0.016717480534338164,0.042210035561024595,-0.032753133271873375
0.013174426211687407,0.035791247463764615,-0.00042021451259901713,-0.042633755091207474
0.016751342728686797,0.044682262153451814,-0.038646157456113356,-0.04559648777050667
0.019790450833688827,0.040787562323938674,0.036099923548953375,-0.03812714224706095
0.02267044873248374,0.025353368292284323,0.011440135817846045,-0.02731484588806066
0.02531542150788117,0.002731899696145737,-0.04359512047247816,-0.012941640223877329
0.02752631977499024,-0.020732691473668623,0.025814184686154432,0.007033317480595603
0.029734318757663417,-0.03822926855991736,0.021423370205211057,0.02392305258948909
0.031995786639893393,-0.044782997616140456,-0.04563979914068155,0.03536656788218824
0.03403094873343561,-0.0386524091865042,0.01378147431342687,0.04483159651604006
0.03615342392547505,-0.021479342706783876,0.030601543200678486,0.04612061765019359
0.03842436916123121,0.0018706710805734487,-0.04290389294980548,0.03771759623764237
0.04041813843009391,0.02460858987285652,0.0022436828400099686,0.026797353481555052
0.042271924035086395,0.040339229672640364,0.03898707250283353,0.01156654836640617
0.04406794861844549,0.04465173813835713,-0.03560244022139551,-0.008418046817265174
0.04533738011997413,0.03618808235768982,-0.008632225701515698,-0.024052261024706634
0.046134376742391105,0.01741819611015055,0.0446457370481299,-0.03495904367860932
0.04667269726233767,-0.006202947884142057,-0.02594839907002858,-0.04360456549269765
0.04658425720693529,-0.02806610650005601,-0.019761463817926896,-0.04303905427239727
0.045917660849121925,-0.04192603245365315,0.045588947389871765,-0.03385446885752122
0.0450456655690793,-0.04371442695773416,-0.015805555142751594,-0.022694596552607246
0.043731622757014324,-0.03303928518304273,-0.030824856217893593,-0.006504791896092503
0.041980372936610125,-0.012979380282531084,0.04187992479760173,0.013306113355043246
0.04023325167756997,0.010870317010567327,-0.005182275036177164,0.027824575405225593
0.03832611612685233,0.031615944440238936,-0.03971094546424359,0.03844569129656011
0.0361401782164787,0.04327335834102002,0.03536818372070159,0.046197078683292425
0.03408021231377415,0.042652675542635216,0.006735199444172893,0.043904218876293304
0.032011186493535494,0.029878325480955266,-0.04430283631580585,0.03418654967249025
0.02966367237486409,0.008502091136884696,0.027590441227378085,0.022616163717344383
0.02736052921625772,-0.015244553488283878,0.019526231844483245,0.005348095749733769
0.02501340023974988,-0.034599031012944995,-0.04438148211624531,-0.014236109072688675
0.022250765361732636,-0.04415300716644253,0.018408746425425292,-0.027971329871496493
0.019335692532594182,-0.04106206530889932,0.030990293045963912,-0.038631760201867184
0.016295526651696538,-0.02618114029633598,-0.04147697593616763,-0.04551299038497849
0.012757547072237639,-0.0038851464864827047,0.006904149064713162,-0.041793934211595885
0.008980017155539834,0.01955451533034924,0.038792808782714475,-0.031894218247665675
0.005171507869138361,0.037507337362585595,-0.036885100773775124,-0.019922205469072127
0.0010354856905443446,0.04470849208935163,-0.006561989733004779,-0.0018270576677864084
-0.0031745509867260216,0.039151368069439474,0.04246941950939906,0.01708204104304298
-0.007101472788388034,0.022501358132975758,-0.030183890596101975,0.029880499674720278
-0.010998001645740762,-0.0006344288330569612,-0.019655590862477437,0.040227783786882645
-0.014722689089212638,-0.023645383004795385,0.04338369618441601,0.0456038353518157
-0.01790537847760672,-0.03985772105478524,-0.02015810797266182,0.040139469162738306
-0.02084606008808367,-0.04476454173708556,-0.029844299592682803,0.02970563338660353
-0.023617912074808813,-0.03698136311934208,0.04255190796069659,0.016724292867674607
-0.02592020996018223,-0.018589970997228,-0.007119895564498698,-0.0024484440063146334
-0.02808092662696263,0.005081047856029528,-0.03661589687252849,-0.0208161454414902
-0.030331573881351912,0.027234516328768544,0.039085156406933476,-0.03310113519492339
-0.0323658063976345,0.04169705828840544,0.006443813108220057,-0.043309549371755206
-0.03438616051938894,0.04428812387602907,-0.041243519489431044,-0.047227912058222396
-0.03662979423956108,0.03418194923267187,0.03145409642821175,-0.04046949353773263
-0.038692282985775844,0.014390390379011265,0.017998099660435675,-0.02987409804690839
-0.04056109189648459,-0.009473063755151435,-0.04432796319577487,-0.016097657488482468
-0.042442853483812604,-0.030725039015178146,0.019992503363100034,0.003551823648169394
-0.04390727923609047,-0.04319612794056032,0.027158406632900457,0.020824919335854508
-0.04481998422562332,-0.04332478847684356,-0.044474973915366,0.032373448924507595
-0.045466095475512655,-0.031211299105642628,0.007199896708180767,0.04199908847765985
-0.0455553183999838,-0.010218844349949494,0.03504402980173685,0.04408206190804189
-0.04495781277068712,0.013717080053949489,-0.03996152879716959,0.03610104905852288
-0.044093944174431556,0.03363678023278033,-0.004620610229778513,0.02527476388926005
-0.0428640009708109,0.04393014109947197,0.0417843821036076,0.010562755019956432
-0.041128764849687846,0.0417540400349541,-0.031104108213262042,-0.009330126405769978
-0.039343427759556696,0.02760369538685919,-0.015233331838419658,-0.02545266694373423
-0.03750902214657137,0.005550532152848093,0.045623771687917966,-0.036473976556598106
-0.035380218379043704,-0.017999874269318265,-0.020185829940840925,-0.04543775307170183
-0.03331396987909095,-0.036448897461849636,-0.025540327385834977,-0.04571411087785203
-0.03133783682235843,-0.04454486853295291,0.044721078166919837,-0.03683735138994354
-0.02907819312225487,-0.039852850631287975,-0.00918794385656053,-0.025775032540222384
-0.02676111316951846,-0.023813652517075404,-0.0353344107670829,-0.010030771827818162
-0.02446509500246817,-0.0010544612746502685,0.03921077409924575,0.009955511400318535
-0.02176748401713609,0.02206495217029925,0.0017389333896134123,0.025115891987492367
-0.018811681856102477,0.03887806944321703,-0.042669573783474614,0.036004066266777476
-0.015791900553224637,0.04450566296172362,0.031034605036120884,0.04440392591256113
-0.012336713977053361,0.037476428541774964,0.013373857550542703,0.04316474988490131
-0.008554778137122649,0.01976404611455322,-0.04552160943603455,0.03389087781119917
-0.004786104166543981,-0.0036840354460742166,0.021914756688214385,0.022726350149280483
-0.000765956499869645,-0.026051571580328947,0.02539717929512137,0.006138456249297042
0.003433884339466349,-0.040945807095335005,-0.043720178276127265,-0.013483945589844866
0.007370598627796007,-0.044237252320662925,0.011887243678134932,-0.027527300131924382
0.011222887747980586,-0.034877706781465394,0.03571149573477539,-0.03811659550079688
0.015023963349589635,-0.015486269188296611,-0.03892971201880814,-0.04541379377233115
0.018340710846375462,0.008274824492183738,7.091458487756255e-05,-0.04232724521355066
0.0213372832380691,0.029702060180473968,0.04201425708831475,-0.032403853053530274
0.02422799421250145,0.04275987960077746,-0.032662008792352114,-0.020521568328907887
0.02668037643247102,0.04358370606294072,-0.013222154029364172,-0.002667986985863385
0.028855715845675728,0.031967998130911994,0.04389580640352564,0.016770856366340008
0.031115186809784503,0.011322849992525525,-0.024659182215012874,0.03017111603045056
0.0331910477776799,-0.012595752768237184,-0.025679157835028228,0.04079670755262905
0.03513183560210582,-0.032973043529931675,0.042874990300713116,0.04702038893991561
0.037299383756500305,-0.043874214630027795,-0.013767669648037398,0.042427634675380556
0.03939233252506006,-0.042292395996046624,-0.03476894136692385,0.032231034235078185
0.04124650459370479,-0.028712270965802908,0.04016291399997714,0.0197335694749187
0.043142768125941394,-0.006862325123298792,-0.0003268292798409337,0.0010368678746051788
0.04476977809477957,0.016961002410503155,-0.040037077115074406,-0.017643908324992946
0.04582038620401813,0.035899900395967965,0.03502669012501858,-0.030157761088201052
0.04657747352267275,0.044697804903187276,0.013146548341881609,-0.04041131344809749
0.046875971666257,0.04081030457712297,-0.04287874849317381,-0.04502476917574347
0.04642465031318841,0.02524479125750167,0.026052272537170542,-0.038835120091385546
0.04559923258861513,0.002563809181990877,0.024109425487522443,-0.028288854464608628
0.04446152696693385,-0.02077356340728449,-0.04404860060787775,-0.014939498686378425
0.042769596756488074,-0.03824423586866818,0.013655227137156755,0.0044374265875281975
0.04091659928895278,-0.04476900550338041,0.03219764492873237,0.022161664455742393
0.03909225467749476,-0.03846127864304659,-0.04232674744309562,0.033915973069527296
0.03699985354730093,-0.021262383835246132,0.0003774776556552325,0.04369702663439741
0.034892994539238865,0.0019972909552768586,0.03858745251952395,0.046565154322059835
0.03296681605114663,0.02475374219776162,-0.03614732880741644,0.03904710717641379
0.03082178335767885,0.04038292467025303,-0.01143894740252831,0.028254394625201032
0.028529192676007707,0.04447738513102663,0.043544401329953214,0.013965377911405804
0.02629907976221802,0.035975824866120006,-0.025912295401398732,-0.005879107764292209
0.023723461133178414,0.01718188373739794,-0.021502394461753133,-0.02262737949773354
0.020774879756977335,-0.006531449771456444,0.04551016872720135,-0.033964694006517325
0.017759335114812046,-0.028275606489742252,-0.01395609105152833,-0.0433918686563768
0.014380659689940359,-0.0419571250258428,-0.030722748918745046,-0.0447269581372224
0.01058347614623764,-0.04370643433804777,0.04279173187094495,-0.03645423681216386
0.006787516939350908,-0.03289430292779982,-0.0023668354545331584,-0.025722782292173157
0.0028426307865957842,-0.012692749767225444,-0.039032759630090126,-0.010697006240982835
-0.0013458141833283782,0.011062680760495021,0.035585995191091346,0.00910427574889046
-0.00531397499882269,0.031725847573294864,0.008579354959176038,0.02460943288020679
-0.009107798064733158,0.04334715252265031,-0.04466757943675339,0.0354601619334872
-0.012916483773231088,0.042508910628338635,0.025923296956970435,0.0441121424030073
-0.016333189055292605,0.02957502680348322,0.01965532032225078,0.043586844682059984
-0.019359105657740926,0.008220864416974318,-0.04570006336413207,0.03444135105445676
-0.022317695338584412,-0.01558227902322465,0.015702844151799122,0.023277697202756333
-0.02492907545923902,-0.034930626309093854,0.03066517737389939,0.007010132940869926
-0.02716689972900084,-0.044273893217542076,-0.0420169372088186,-0.012957458780439869
-0.02945464534997956,-0.04107432202750221,0.005110665985226897,-0.027699455384109572
-0.03162170836380458,-0.02615231060139535,0.03962637020232558,-0.03858251750574528
-0.033549256160377156,-0.0036955871955879887,-0.03542344087681405,-0.04658878785440913
-0.035640422112767876,0.01975688926465938,-0.006721643611667853,-0.04450379113319622
-0.037749870168813204,0.03756896752514617,0.04428434937978482,-0.03492419383446028
-0.03958522186186776,0.04475077136656134,-0.027636454328361787,-0.023412698674061212
-0.04143231756508402,0.03911662334340809,-0.019546240070571888,-0.006138870306665807
-0.04315465741582244,0.022280112315115987,0.04430382623827529,0.013478198044309463
-0.044328550582809656,-0.0008491837817155096,-0.018543081225334945,0.02723460657054594
-0.04516830283584979,-0.023797912122635156,-0.031090545474363972,0.03787012056076673
-0.04566256434784484,-0.04005020971194475,0.04136295634633459,0.04465414937637955
-0.04541504880623529,-0.04484147887430479,-0.00704092857260826,0.04076617801840246
-0.04467582342043725,-0.03689291539209497,-0.03885437489291873,0.030650318355026997
-0.04365651244838415,-0.018525093908523214,0.036857094859728066,0.01844817911069233
-0.04206903133841007,0.005169311599340211,0.006515328635272945,0.0001515616857337641
-0.04017316928611701,0.027386320983348703,-0.042461986124482994,-0.018890198024363824
-0.03832310395638858,0.04170934945257426,0.030204292885635534,-0.03173614849370055
-0.03625103984984013,0.04419404981506415,0.019607295335543413,-0.04204948373123718
-0.03407201198924848,0.03411747848082219,-0.0434330848106774,-0.04732972460167937
-0.03212214582142784,0.014239889009554581,0.020104341979929267,-0.04174832831000642
-0.030067251658453108,-0.009655362622427534,0.029714247765799454,-0.031220365284387756
-0.02780784730764571,-0.03074057069274697,-0.04267857019702332,-0.018196956006033323
-0.02563165320860445,-0.04314117810141818,0.007036829014936461,0.0009490526782221005
-0.023214037753426262,-0.04323678609797757,0.03650664561278039,0.01922490417705503
-0.02034245523430299,-0.030952492277648028,-0.039162827075392766,0.031384129407129244
-0.0173521860062156,-0.009934257633935281,-0.006444002149715689,0.041472653538169986
-0.014072311386821062,0.013881934149162424,0.04122683024844649,0.04531426454079874
-0.01029308850555337,0.03379249082901582,-0.031475405141377664,0.038556199526720424
-0.006435962350096963,0.04399049129677874,-0.01797783463305753,0.028050760402670013
-0.0025177746415405385,0.041598717261658966,0.04429509840975427,0.014438543662505708
0.0016738485907985792,0.02742091778042446,-0.020083550431569258,-0.005000504466866077
0.00571935927728034,0.005390939050237846,-0.027229779531688758,-0.022056071796033718
0.009493089123249388,-0.018214076259194866,0.0443650665667977,-0.033424677389448404
0.013278953353839138,-0.03652539479375868,-0.007353409177650604,-0.042934783270531254
0.01677085302646237,-0.044411476297810636,-0.03513920926127333,-0.0449715743954978
0.01980789261707345,-0.03967260985258347,0.039888077407299286,-0.03700359281587742
0.022766364486894834,-0.023524065192695138,0.004532670163617113,-0.02621724257396056
0.025495708342473146,-0.0006388654860433257,-0.04180327949172818,-0.011527603834342566
0.027807497508821947,0.02236714647136694,0.031114045143451938,0.008394491818027709
0.030115952134901328,0.03906085689111625,0.01519419232462859,0.024620169708450695
0.03239377369905758,0.044647070280185594,-0.04564806990355236,0.035825066284229906
0.03438135626293174,0.037417191182939,0.020157805178764397,0.045030815851105736
0.03643169055784983,0.019550864257487408,0.0254277710692583,0.04556951830106611
0.038572006042949934,-0.003847180324726131,-0.044844582994812414,0.03693745402200375
0.040425197908075305,-0.026230107563715393,0.00908370138715366,0.026063897973113273
0.042203974373443205,-0.04111111901117821,0.0351818467111309,0.0104285373511314
0.04395950258323588,-0.044191824110863864,-0.039342692796506935,-0.00952393800124782
0.04522892563431553,-0.034722041862107644,-0.001798327382005606,-0.024703983899335154
0.04610683383263443,-0.015326157729409571,0.04259963199092928,-0.03563228462972848
